Job ID,FB Post ID,Site Path,Timestamp
c4e208bea2b5d7eb,1321328437735126_122098778661502508,/job/architect/,2026-10-06T05:31:50.172561
ac2e19823aa81edc,1321328437735126_122098779465502508,/job/ml-research-scientist/,2026-10-06T05:32:40.931624
db83a397d770d8ff,1321328437735126_122098779915502508,/job/performance-management-specialist/,2026-10-06T05:33:32.645979
ae195c9e92512747,1321328437735126_122098780227502508,/job/generative-ai-engineer/,2026-10-06T05:34:22.734250
9cdfb662a581a9f6,1321328437735126_122098780341502508,/job/financial-planning-and-analysis-manager/,2026-10-06T05:35:12.323331
aea42f447d03fa2e,1321328437735126_122098780737502508,/job/sr-merchandiser/,2026-10-06T05:36:02.528895
52b210bd99459db3,1321328437735126_122098781133502508,/job/officer-loss-prevention/,2026-10-06T05:36:53.138356
26b9e6eb414e6179,1321328437735126_122098782063502508,/job/assistant-manager-external-corporate-governance/,2026-10-06T05:37:43.348860
6480a89ef3581ed6,1321328437735126_122098782597502508,/job/bim-coordinator/,2026-10-06T05:38:32.721262
