Job ID,LI Post ID,Site Path,Timestamp
c4e208bea2b5d7eb,urn:li:share:7513171640185401344,/job/architect/,2026-10-06T09:41:47.591998
ac2e19823aa81edc,urn:li:share:7513171837686697985,/job/ml-research-scientist/,2026-10-06T09:42:34.510884
4cb83f06e8b24029,urn:li:share:7513471458342498304,/job/organizational-development-specialist-hr-specialist/,2026-10-07T05:33:09.682076
4f84cfe67b3798af,urn:li:share:7513471677226414082,/job/visual-merchandiser-female/,2026-10-07T05:34:01.823736
4ccbf3a9fd157e92,urn:li:share:7513547087419011072,/job/project-management-manager/,2026-10-07T10:33:41.017166
cdf13d4cfbfd9886,urn:li:share:7513547306604957698,/job/digital-marketing/,2026-10-07T10:34:33.230499
c4688805c1dcb0cc,urn:li:share:7513638355759357953,/job/reserving-senior-specialist-reserving-actuary/,2026-10-07T16:36:21.098673
6c839aa78bf2fdeb,urn:li:share:7513638576644018177,/job/data-scientist-ai-advanced-analytics/,2026-10-07T16:37:13.655434
6a6e13b33bea3a76,urn:li:share:7513833732592549888,/job/grc-cybersecurity-consultant/,2026-10-08T05:32:42.552808
ad18c4f9cac00737,urn:li:share:7513833949379592192,/job/payroll-specialist/,2026-10-08T05:33:34.234401
